-- Adminer 4.7.1 MySQL dump

SET NAMES utf8;
SET time_zone = '+00:00';
SET foreign_key_checks = 0;
SET sql_mode = 'NO_AUTO_VALUE_ON_ZERO';

DROP TABLE IF EXISTS `activation_tokens`;
CREATE TABLE `activation_tokens` (
  `id` varchar(255) NOT NULL,
  `user` varchar(15) NOT NULL,
  PRIMARY KEY (`id`),
  KEY `user` (`user`)
) ENGINE=InnoDB DEFAULT CHARSET=latin1;


DROP TABLE IF EXISTS `categories`;
CREATE TABLE `categories` (
  `id` int(11) NOT NULL AUTO_INCREMENT,
  `icon` text NOT NULL,
  `name` varchar(255) NOT NULL,
  `ordering` int(11) NOT NULL,
  PRIMARY KEY (`id`)
) ENGINE=InnoDB DEFAULT CHARSET=latin1;

INSERT INTO `categories` (`id`, `icon`, `name`, `ordering`) VALUES
(1,	'data:image/webp;base64,UklGRoACAABXRUJQVlA4WAoAAAAQAAAAMQAAMQAAQUxQSCYBAAANkHPbtrE9+9Fn27Zt27ZV2nacdHZSO/kBTirbtm2+ft9nnPKrImICsFiaG0w4tI0U2zgCFD+dIxS8C5AwmNj5nIp2TzkkDIN/OsV7ieSuBcAA4JB+WNXMkP7tgjsima4zhZpFrc2fFfgxDvCabBKnaBXUL1l+cN0zn6xOAJDEPhTDbxkDTe2aOu2hnEGGZtx0GcT9zbMKQKgmbG8XxNaCSlf1fGpKQdBGmba/h69vIAOSZoBOTERuDAibOO4OAYD/LB3d7VDKglCyMsrsH4Ecd8ubnGRHo0Dt//ptezyIPcK16pIRQ1KbgF9rtjT2WNK5cAIAPmzYkNSRzNPYuh3K/+zbdjrQwM9EwdjKShDj871PkFw5BbV/XPh6/aPCp9ev/4ixGBZWUDggNAEAABAIAJ0BKjIAMgA+0VymTaglI6IuFJnJABoJYgDRVf/l5Dr5M/9bTl0p/jxvT+eC6o6JA5pjHcYb0vjZF4kdu93JNEl9WdPBUIAA/vgfmPqjBu+zhhoBfEQk5TVesyc3Hr3mSt9fTZMZkka8GaP3YneEGsf7lsEbR7u53qIUun4vjL3/TvsHS/5SPf+mTLukk5lQ09lVKVeiMpRnOyRcIYR7kLEqdt+YI2vQ4FZxmsFa/EfFGgtbaHl2R43mRmXPCA204X1mnDTr9p31faWXC7kZfID1dVyveSbopSLmUk1bARTLtWUr4/dJSRJnveib24tVcGdgSxUaNFghm0KzpOr2VsOepx0gcBeiZiOgdXPfSCjvOaZD5bmHvIXDeWcxIa4ngL9tomZRYTvraXxUbQg8wAAA',	'Kasut',	1),
(3,	'data:image/webp;base64,UklGRggDAABXRUJQVlA4WAoAAAAQAAAAMQAAMQAAQUxQSBoBAAAFgLNt2/nl/Wcbk90XcG0djX97y3Z9Ctu27ZqMzbZt2y9yLRGhyG3bRjmNDqXoK8BXGaq11m/SQ93Fx7RVC+Kx7DCBi32VHMRjX/mE0Y6HX5QITGT3SO82KBYD0TRHBJf7OQOQ5XqLiBg91Bx5hIGw6hsENF391J9HocB5KbOamrwFwdqHIwa3g1pclyd0v0ZaGGKKMM+UMco1g/H5FwAAfS8PWRSpW1HEo/ezYhdLOBTkf4j6kPfFFA7x31tWVkocbv2uNGEuVM7L2KRzLuCWEIZTDqQfU9I5AOUs0jkAvGLSOXhOSeeE01Le40mv0p3aSoYzFulVTJbSy/w5HWms7LgFiZ5YJHoDUTsm1ez8TRl8Xsn8h/PFBQBWUDggyAEAAJAKAJ0BKjIAMgA+0VimT6gkoyIqEzxZABoJZADQR86UxjAbbvzAeeBZPq/A0gTNgk2r4szVD+Ulnj6bloI5gXdt7MvKCBvg9O5SC84sVMDsxXRkc5QReDvaEPMkwAD++bzyber+CzmwLezaZBYPrer+rIrcy3GTrWufjWNbqFcBwKj4UUxg9s/XfZXH7IUgfpY5VCUUWljduoqXbId6nMfFXD2FGmtdwzEAzp69WHTXbfOKf6ciwv2T+o8iso7e5Eo+GIyt8C2C3t3ev4p+CexNMbRlibbCfAyRDfGLUlEf3jFsCRCJ2hGxMe/IrHVxtbvux/shqs9J8BN+YxwRgp3mLV9qbe07g9kejEqFUePqUTdSh7VgCNWkOQbcXz396eKBn8K+NyvhB0pvT0mfQgPQvvLYjd5JE6QPCpFxz4T8Rht4RXT+nqBXh+hMWUYapI+PRseegBgHTK1AqtNXfiSK553yK2lzGogQ468iKkk1ufn0cY2F+avzFNykOk3WrU3Bh3F6HGw7Q9FxqpMyFkybJkOs/jd2uXJIknICPEIoAWsMTy7ToJOgJoGrcEZzh2JUXKUzLjnnc/UUflrrypdw+4YOAAAAAA==',	'Baju',	2),
(5,	'data:image/webp;base64,UklGRrYCAABXRUJQVlA4WAoAAAAQAAAAMQAAMQAAQUxQSIwBAAANkETbtiFJt8yZbdu2bdu2a2S7bdu2bdu2bXdHvIhpTyJiAkBr3GCr8e3u4Z5L4Kv8eCMAQqr2DSfLnvIjdAjvp8+7IGSYmpPeVr6RD/YNOBcN4NvFuRsmJUzvPsyd9gTsrsPfH2RmZ6zKv8WV4GIcbgbDjCrPiUk/OCrFsyww/ZQx19ViEjeiNSgB80srGpu7P3OSh4unWKC30CBgFieVaAXbtxNrK0Zx4Y53G1lhQp6F9CEO0jEP7J9tTUifTScUQYK5qdErfpB54tFlii2Oerp7yfywCpTf1kQGbiTzxDYSbPf230wlZYjNNBsDba69JLLBFdA+/Kpmc5TIHseJcNza/jCRNU7QWZ0gMsUZqpOWxudpBPVwkeqMmcG1ryQa+HaH6oaamNJdEl1cBfWPO+qaNymS/CFjsJ/I5QVmrVnKzj8TkF1adoZEeTqgPjh4kFU8JpRu9Q9bTpKNFTHzktLmsOhqAorGAi3NJEDUMqB4uHgaIyfwUTR+LiMBXkDgB6P/tU9a8uLA3wBWUDggBAEAAHAHAJ0BKjIAMgA+0VikS6glI6Gx9VpJABoJQBqgsY8LGTw7tNha2y+kM4lBuszWBtZlula7ZAG9jxoFhwwP8Me1fo3AAP74zhYkiM35SVc2Ws9H9aLJ/8ER5bHtn5Rdf5cxURgtWR5Jn7biqcN1GtSkRft4X1aP86EKzq8V+a+RNp6k8KrjDeVXLeXbWEzKxFyZGnnmSeiQpln5l1nmzQ3dtC890TMDPY1GGZGBS58rqhgRCJYncQ4iXg4lbybOF1jQY9GD7R6K0zdAtSYte3FfaxqLcn71U86HiZm5pUXeydX0l2a6U4kKpMTt83Iqb0wS0z/MxZ8XeQCRjGKn2wyLAAAA',	'Beg',	3),
(7,	'data:image/webp;base64,UklGRnwDAABXRUJQVlA4WAoAAAAQAAAAMQAAMQAAQUxQSG8BAAANkINt27E3V2zbtjPZtq26nWzbtq3Rqztxsm3bbZx8//NVY0RMAP8ftQIdrjyR5XDIBPumc6I28uu706LekiwT0NZrCX/4SohWcHJyFIAWF88fP35Jcw69B9JNx+TkZMONG15oxHdGIrx6aWPd2dcvesbe/Xofm3RDMe1hveCrgbUNXRoYAmhXTdi2+Jcy3juhRcuAnms/9poR33BLifCN/NTSQVGn1/ppS/te6lnMAj5YoLTV9xtxewef60nMbF67obyexyvv/aNPdc9yIx9d0aj1N6tt/d50aw8/LNCwPq7z6rszCHQRmOe1qiujyQidOetzFwP5oSvDsnpdZ/pD0UXoqGXfOqnls5EU55TdnRTToiWFogMddDIwRmzW4Z9AIp8EmUSfBFIxRnDaEcAd0W73AUdZjk8AJxXYq0BPls5P/oAtKvgztqhAjS0q6Oj8CX5pyzE1fxS1CdBG0PGCHUh33F7+Sho2Vx+L+4cEAFZQOCDmAQAAcAsAnQEqMgAyAD7RXqhPqCSjoiYVW7EAGglkAM+UGcqHCr0AbZHnyniAPprbPmBKp26hlkHHXulM0q4nrfcfIH6UIp8KpkSTzyWJTbt56EsFqQgNSgXjJJY5ZQr30WT7nuDGgAD+4sKszap4+ub5auBve3qC7B6byCfzveS3Br/LKEilaUaB7X5enHcZEkHmo5cyDYBlce6cVBPy2cQmH1YgJru28DkYnON1YBqtJ+jukC0RWrIJ/n3HueMv2r7ppqBxRh/HOwhs8jLXR1v8Xi1iB8olX/+vIXUm51jgy10wHbhtlxrpUsWqQh7PvOzo8w29/50ItuBFAd1VDi5KzlBH/gMMA1rp0luQq6uGoYfA7GXSHUOj/ScDqoPZDA34Q0Ez0iqxXuu9hMbCSvWlE3CjOoTPu5BwPXrdsV2kqcO490IiNT166q/xGkAK9Esyz7rnN7+E3vWuUDOITufiXOrSQJ1N34ku2pVE+uRG7/62upodcD6Qf1Jh7/L3fkwiQH0hf5PGP6j/g/kEv67M7rrtnVG+yOowFKjWC63uW7r5JEf4/JjGeI9ceNPal0Wc9OfytjuYIK5W3UnkwCWnen2OmeGph2i9tKPBxibdqifg2EuOyuiInrhPL0IyQPX2gqgAAAAA',	'Topi',	4),
(8,	'data:image/webp;base64,UklGRoYCAABXRUJQVlA4WAoAAAAQAAAAMQAAMQAAQUxQSNsAAAANcBvbtqqcLzgUoKlbaQyd0Jq7ZVCAu3PP+5pGhAK1bRwfBHx7vQL/SqsBofzfUpPcTgwKRPfsdr5gD7FjQw3Hyc14aB8eN9OyMKB9LaAZTpS4DV0iFF/LaTwJltdt8hLEdyH3dLuxX02tgRvpdj4duWovEDuCq/YqUQ0v/Z0+LnGB3SNu+c/pahXhGFuuWgLV/0QODCHICLu63pieBGJH9bnaqEPqqBxr4JiUghkpOrpVO5CEmYsJp8t9APRKuqUyAXBe5ZRD9I8K/8Ai7Ajl32mz7DYf5tkgFQAAVlA4IIQBAABQCQCdASoyADIAPtFUpUuoJKOhsfVbaQAaCWYAyhUALsrbBCcFBVRbtZAJOT3j4B3LV6kz+fw4XR/Y92KL95JA7POfIYyEMY1lh5wIfcqAI54rAAD++mK34zUcOpBUzmw6PK86xQxkF1khwpuGEOyoX6fiGav5o6rKyfHWRK9zQ0lQ3bsJ8zdzgzO5eP+oqhpyt+0+Rh+J5aLKT+fSyqFx9rjKjH+/WyJK16ARenkSkpd21GPTA8HdzxwOvKQ4++m20Jvklxuk1EIPiO0Z26MUBRVRkWMXZJDN0YSra/01owXZbk+6/aozVJWl262J8cUKpeTd/FEwxEqkyn8gEg0fG09/joP4jsTpDmM+aYAPt/+2Jk6QBE5NxPLOz1Lo4otWJ/BFPQtmiyulrOzT9uKe4kOVGc27zMiGlBhrtvvX24afzRKGuUO1KI3Tzfz553WfnZfVza9gytsv/C4tCdy795Vewylt3Ep7gAmS1195esHVAUQ5Ek55adfkbx/4KhKHwAAA',	'Seluar',	5),
(9,	'data:image/webp;base64,UklGRpQDAABXRUJQVlA4WAoAAAAQAAAAMQAAMQAAQUxQSGABAAANkCXJtmlbY51zbdu2bduc+7ITN24nbi/0bPv92bZtG8d77zWf/yJiAvC7nZuRMDer0/9gTxme73XqktG9WZ9KmIR+0dEHdCEISKQVehgJUkdXmXSoh0nICMncrwNBQKqyXJvzACQPbviuqQ0mIce/dIcmgoBkWqHFrQPS+7Z+1dAD+V4NmzQQAyjL1XnVcejZ907VIExCnnPnBlUEAYa0Qo1/EVi2HX6pYhQ8jf1rVBAT0ApHoalc6i88dqCAqxhexQ60wl50OJ+Ku3ftTICxstyOwolW2CR6cMp/cx3ANFiPLwEY4zU1DxSCd6LXaRAz0Aoxwm18qRImwSs6giDA2iSoDFw/GlxtBIaKbrSmeualRctzB/D59JFnx8/i5c7L709dep4QKDyjosJjvAxGg8Ho5ePrZOfbk8dv8OPJ7fvXPpjuPYDqDzeem97fu/fwzrsf33/8+P7uzetvdn6RVlA4IA4CAADwCgCdASoyADIAPtFcpE0oJSMiKhZtyQAaCWIA0LSk9oegDbN3aSdkuZAqnb0pbX40hH1A3kCPuVSymasUO/ASzo2UiQfb9Ohylqv9v3YUJt6tHoZnaJV6eKyfJ2XoRGoA/vxGrwNmPd3FEcdwt/+ln4m53NEJ4kjan+Tx2WD3kZ3Lh/EQiO77msoOA8745NBd8x/OL73/Hr55xBYL++E/1R0wKuzqed3yf1y2qk2V4192x+P8P28YuIAEbgA9HJ5B9VEygLY6UIPhm3IViTKxIw7hq/cdQe+G6O1/dX5ToeAN1dFw4GI0lOwrISRKFsMJM8pGaFClDNC5rLiQejPmkurra3P3+BEci4hfIxehsHXxJen1jI/4bJ/ChQ9v60h9qzC3d/dU7/6rJC8hUrBiX9kPt1ntzWw48cvTlxqQT7ttSpYBcPjSCTrbkvDDYEqxJtNkBPReY7dn/1G0uYA4gmhXxhy23ttAzm5j7/9GkXM6IYhwhfd01otNXvFehq4DHXKBWkCGBxNe+QFLBLQVvNhp3Ojz990L5O5wgRtfepf6UdqDcA+sVoaxaQAD183ixS7+4zFWaEty6dGco70QC98bYh8ZhideSqGul89ocIg10KOBi320FEJCArHLALvYebTe1JNcenSkDwXt/h9TDgo2V60Hb7rjSTjhVUUEvdtQoNHjdK+9PwAAAAAA',	'Skirt',	6),
(10,	'data:image/webp;base64,UklGRqwCAABXRUJQVlA4WAoAAAAQAAAAMQAAMQAAQUxQSFkBAAANkEPb2rFHb2zbRmtbnVUlVVY627btpLNts2Jl27aHL75ypokIBm4bKcryYYc+Af5sIyYA1V5YwH+ORvP9b+QyQ1/8GOXdNJI+oZ9aHo/kDCN4EjqphE0U7AvpR0gktGAH65sGR4sEuGHSiVBKqv/C41QITw03eH/VCldJqfrEYUca+49M4FElzDCqCoNBCxJPAiCZyOj6hmRMSoYwAM5OTuhHouI/6GhI+LIVqERKqb73ePtmJIAWJEV9ILV4SIeBD3qSraBeK5LPkO1cKbJndGcwpDQHWUXwk6CwjqPltSTHJZyZ4BVMNQ85RZHu9FDtTNB0xLbgOrwzyo32b+hge9pRAj+dRA2nOvyVEvSwT90NQqKBldyBS9mW6JrKJa3KZZ+rNBM4NIsdgLjNBr3nqv5y229XPrGCjSBARZvyFolX+cP3rB/FZYCi1h3J56Us+bg/kQVVAwAAVlA4ICwBAAAwCACdASoyADIAPtFWqE4oJCQiKhZroQAaCWkAFeAKBn/gKzfzbmONDLYVcmFObSYIGd+GYRY4prxDaAYpV0AyRd3TP0gbugSZQAD+36/ZNUUjUx4Sm/Kqaf8JyltEWGeXtv9ZzKWYZc/a9jcCij0KJfvqUgWp7817O4o7vAM+fXpJ0KsU+0OzcUlXA+w7lnWXrB6PqD41eUaYCTRYDz6gxfUvvBULKFa9onEm5JRd3KW74skateQaCTc5g6y7z03dqBOOKYHHvlCpYtN5dKZnmVC+vN2O4NNdxd7ElSrj7sOEmt5d1khJ1H2qPTs4aAT48UTLkZpk6lwDwyqnOznu2tDHz2LKmHzF+tyEScLkguZFe6/o0/a1+Isdc6QYQeoU3351Wx6WJ8AAAAA=',	'Stoking',	7);

DROP TABLE IF EXISTS `essential_informations`;
CREATE TABLE `essential_informations` (
  `id` int(11) NOT NULL AUTO_INCREMENT,
  `slug` varchar(255) NOT NULL,
  `title` varchar(255) NOT NULL,
  `brief_description` varchar(255) NOT NULL,
  `full_description` text NOT NULL,
  `ordering` int(11) NOT NULL,
  `position` smallint(6) NOT NULL,
  `visibility` smallint(6) NOT NULL,
  `material_icon` varchar(255) NOT NULL,
  `created_at` int(11) NOT NULL,
  `updated_at` int(11) NOT NULL,
  PRIMARY KEY (`id`),
  UNIQUE KEY `slug` (`slug`)
) ENGINE=InnoDB DEFAULT CHARSET=latin1;

INSERT INTO `essential_informations` (`id`, `slug`, `title`, `brief_description`, `full_description`, `ordering`, `position`, `visibility`, `material_icon`, `created_at`, `updated_at`) VALUES
(1,	'tentang-kami',	'Tentang Kami',	'This meta description of your website that is required and will display in search engine result, the length should between 150 -160 character',	'<div class=\"jumbotron\">\n    <div class=\"container m-0 p-0\">\n      <h1 class=\"display-3\">Hello, world!</h1>\n      <p>This is a template for a simple marketing or informational website. It includes a large callout called a jumbotron and three supporting pieces of content. Use it as a starting point to create something more unique.</p>\n      <p><a class=\"btn btn-primary btn-lg\" href=\"#\" role=\"button\">Learn more »</a></p>\n    </div>\n  </div>\n\n  <div class=\"container m-0 p-0\">\n    <!-- Example row of columns -->\n    <div class=\"row\">\n      <div class=\"col-md-4\">\n        <h2>Heading</h2>\n        <p>Donec id elit non mi porta gravida at eget metus. Fusce dapibus, tellus ac cursus commodo, tortor mauris condimentum nibh, ut fermentum massa justo sit amet risus. Etiam porta sem malesuada magna mollis euismod. Donec sed odio dui. </p>\n        <p><a class=\"btn btn-secondary\" href=\"#\" role=\"button\">View details »</a></p>\n      </div>\n      <div class=\"col-md-4\">\n        <h2>Heading</h2>\n        <p>Donec id elit non mi porta gravida at eget metus. Fusce dapibus, tellus ac cursus commodo, tortor mauris condimentum nibh, ut fermentum massa justo sit amet risus. Etiam porta sem malesuada magna mollis euismod. Donec sed odio dui. </p>\n        <p><a class=\"btn btn-secondary\" href=\"#\" role=\"button\">View details »</a></p>\n      </div>\n      <div class=\"col-md-4\">\n        <h2>Heading</h2>\n        <p>Donec sed odio dui. Cras justo odio, dapibus ac facilisis in, egestas eget quam. Vestibulum id ligula porta felis euismod semper. Fusce dapibus, tellus ac cursus commodo, tortor mauris condimentum nibh, ut fermentum massa justo sit amet risus.</p>\n        <p><a class=\"btn btn-secondary\" href=\"#\" role=\"button\">View details »</a></p>\n      </div>\n    </div>\n\n    <hr>\n\n  </div> <!-- /container -->',	1,	-1,	1,	'&#xe88e;',	1552282275,	1552303306),
(3,	'polisi-peribadi',	'Polisi Peribadi',	'This meta description of your website that is required and will display in search engine result, the length should between 150 -160 character',	'<div class=\"jumbotron\">\n    <div class=\"container m-0 p-0\">\n      <h1 class=\"display-3\">Hello, world!</h1>\n      <p>This is a template for a simple marketing or informational website. It includes a large callout called a jumbotron and three supporting pieces of content. Use it as a starting point to create something more unique.</p>\n      <p><a class=\"btn btn-primary btn-lg\" href=\"#\" role=\"button\">Learn more »</a></p>\n    </div>\n  </div>\n\n  <div class=\"container m-0 p-0\">\n    <!-- Example row of columns -->\n    <div class=\"row\">\n      <div class=\"col-md-4\">\n        <h2>Heading</h2>\n        <p>Donec id elit non mi porta gravida at eget metus. Fusce dapibus, tellus ac cursus commodo, tortor mauris condimentum nibh, ut fermentum massa justo sit amet risus. Etiam porta sem malesuada magna mollis euismod. Donec sed odio dui. </p>\n        <p><a class=\"btn btn-secondary\" href=\"#\" role=\"button\">View details »</a></p>\n      </div>\n      <div class=\"col-md-4\">\n        <h2>Heading</h2>\n        <p>Donec id elit non mi porta gravida at eget metus. Fusce dapibus, tellus ac cursus commodo, tortor mauris condimentum nibh, ut fermentum massa justo sit amet risus. Etiam porta sem malesuada magna mollis euismod. Donec sed odio dui. </p>\n        <p><a class=\"btn btn-secondary\" href=\"#\" role=\"button\">View details »</a></p>\n      </div>\n      <div class=\"col-md-4\">\n        <h2>Heading</h2>\n        <p>Donec sed odio dui. Cras justo odio, dapibus ac facilisis in, egestas eget quam. Vestibulum id ligula porta felis euismod semper. Fusce dapibus, tellus ac cursus commodo, tortor mauris condimentum nibh, ut fermentum massa justo sit amet risus.</p>\n        <p><a class=\"btn btn-secondary\" href=\"#\" role=\"button\">View details »</a></p>\n      </div>\n    </div>\n\n    <hr>\n\n  </div> <!-- /container -->',	4,	1,	1,	'&#xe14d;',	1552282478,	1552303325),
(4,	'terma-syarat',	'Terma & Syarat',	'This meta description of your website that is required and will display in search engine result, the length should between 150 -160 character',	'<div class=\"jumbotron\">\n    <div class=\"container m-0 p-0\">\n      <h1 class=\"display-3\">Hello, world!</h1>\n      <p>This is a template for a simple marketing or informational website. It includes a large callout called a jumbotron and three supporting pieces of content. Use it as a starting point to create something more unique.</p>\n      <p><a class=\"btn btn-primary btn-lg\" href=\"#\" role=\"button\">Learn more »</a></p>\n    </div>\n  </div>\n\n  <div class=\"container m-0 p-0\">\n    <!-- Example row of columns -->\n    <div class=\"row\">\n      <div class=\"col-md-4\">\n        <h2>Heading</h2>\n        <p>Donec id elit non mi porta gravida at eget metus. Fusce dapibus, tellus ac cursus commodo, tortor mauris condimentum nibh, ut fermentum massa justo sit amet risus. Etiam porta sem malesuada magna mollis euismod. Donec sed odio dui. </p>\n        <p><a class=\"btn btn-secondary\" href=\"#\" role=\"button\">View details »</a></p>\n      </div>\n      <div class=\"col-md-4\">\n        <h2>Heading</h2>\n        <p>Donec id elit non mi porta gravida at eget metus. Fusce dapibus, tellus ac cursus commodo, tortor mauris condimentum nibh, ut fermentum massa justo sit amet risus. Etiam porta sem malesuada magna mollis euismod. Donec sed odio dui. </p>\n        <p><a class=\"btn btn-secondary\" href=\"#\" role=\"button\">View details »</a></p>\n      </div>\n      <div class=\"col-md-4\">\n        <h2>Heading</h2>\n        <p>Donec sed odio dui. Cras justo odio, dapibus ac facilisis in, egestas eget quam. Vestibulum id ligula porta felis euismod semper. Fusce dapibus, tellus ac cursus commodo, tortor mauris condimentum nibh, ut fermentum massa justo sit amet risus.</p>\n        <p><a class=\"btn btn-secondary\" href=\"#\" role=\"button\">View details »</a></p>\n      </div>\n    </div>\n\n    <hr>\n\n  </div> <!-- /container -->',	5,	1,	1,	'&#xeb3e;',	1552282526,	1552303339),
(6,	'penghantaran',	'Penghantaran',	'This meta description of your website that is required and will display in search engine result, the length should between 150 -160 character',	'<div class=\"jumbotron\">\n    <div class=\"container m-0 p-0\">\n      <h1 class=\"display-3\">Hello, world!</h1>\n      <p>This is a template for a simple marketing or informational website. It includes a large callout called a jumbotron and three supporting pieces of content. Use it as a starting point to create something more unique.</p>\n      <p><a class=\"btn btn-primary btn-lg\" href=\"#\" role=\"button\">Learn more »</a></p>\n    </div>\n  </div>\n\n  <div class=\"container m-0 p-0\">\n    <!-- Example row of columns -->\n    <div class=\"row\">\n      <div class=\"col-md-4\">\n        <h2>Heading</h2>\n        <p>Donec id elit non mi porta gravida at eget metus. Fusce dapibus, tellus ac cursus commodo, tortor mauris condimentum nibh, ut fermentum massa justo sit amet risus. Etiam porta sem malesuada magna mollis euismod. Donec sed odio dui. </p>\n        <p><a class=\"btn btn-secondary\" href=\"#\" role=\"button\">View details »</a></p>\n      </div>\n      <div class=\"col-md-4\">\n        <h2>Heading</h2>\n        <p>Donec id elit non mi porta gravida at eget metus. Fusce dapibus, tellus ac cursus commodo, tortor mauris condimentum nibh, ut fermentum massa justo sit amet risus. Etiam porta sem malesuada magna mollis euismod. Donec sed odio dui. </p>\n        <p><a class=\"btn btn-secondary\" href=\"#\" role=\"button\">View details »</a></p>\n      </div>\n      <div class=\"col-md-4\">\n        <h2>Heading</h2>\n        <p>Donec sed odio dui. Cras justo odio, dapibus ac facilisis in, egestas eget quam. Vestibulum id ligula porta felis euismod semper. Fusce dapibus, tellus ac cursus commodo, tortor mauris condimentum nibh, ut fermentum massa justo sit amet risus.</p>\n        <p><a class=\"btn btn-secondary\" href=\"#\" role=\"button\">View details »</a></p>\n      </div>\n    </div>\n\n    <hr>\n\n  </div> <!-- /container -->',	2,	-1,	1,	'&#xe558;',	1552303912,	1552303912),
(7,	'pembayaran',	'Pembayaran',	'This meta description of your website that is required and will display in search engine result, the length should between 150 -160 character',	'<div class=\"jumbotron\">\n    <div class=\"container m-0 p-0\">\n      <h1 class=\"display-3\">Hello, world!</h1>\n      <p>This is a template for a simple marketing or informational website. It includes a large callout called a jumbotron and three supporting pieces of content. Use it as a starting point to create something more unique.</p>\n      <p><a class=\"btn btn-primary btn-lg\" href=\"#\" role=\"button\">Learn more »</a></p>\n    </div>\n  </div>\n\n  <div class=\"container m-0 p-0\">\n    <!-- Example row of columns -->\n    <div class=\"row\">\n      <div class=\"col-md-4\">\n        <h2>Heading</h2>\n        <p>Donec id elit non mi porta gravida at eget metus. Fusce dapibus, tellus ac cursus commodo, tortor mauris condimentum nibh, ut fermentum massa justo sit amet risus. Etiam porta sem malesuada magna mollis euismod. Donec sed odio dui. </p>\n        <p><a class=\"btn btn-secondary\" href=\"#\" role=\"button\">View details »</a></p>\n      </div>\n      <div class=\"col-md-4\">\n        <h2>Heading</h2>\n        <p>Donec id elit non mi porta gravida at eget metus. Fusce dapibus, tellus ac cursus commodo, tortor mauris condimentum nibh, ut fermentum massa justo sit amet risus. Etiam porta sem malesuada magna mollis euismod. Donec sed odio dui. </p>\n        <p><a class=\"btn btn-secondary\" href=\"#\" role=\"button\">View details »</a></p>\n      </div>\n      <div class=\"col-md-4\">\n        <h2>Heading</h2>\n        <p>Donec sed odio dui. Cras justo odio, dapibus ac facilisis in, egestas eget quam. Vestibulum id ligula porta felis euismod semper. Fusce dapibus, tellus ac cursus commodo, tortor mauris condimentum nibh, ut fermentum massa justo sit amet risus.</p>\n        <p><a class=\"btn btn-secondary\" href=\"#\" role=\"button\">View details »</a></p>\n      </div>\n    </div>\n\n    <hr>\n\n  </div> <!-- /container -->',	3,	-1,	1,	'&#xe8a1;',	1552303990,	1552303990);

DROP TABLE IF EXISTS `general_informations`;
CREATE TABLE `general_informations` (
  `id` varchar(255) NOT NULL,
  `value` varchar(500) NOT NULL
) ENGINE=InnoDB DEFAULT CHARSET=latin1;

INSERT INTO `general_informations` (`id`, `value`) VALUES
('name',	'LiteStore'),
('description',	'This meta description of your website that is required and will display in search engine result, the length should between 150 -160 character'),
('currency_unit',	'RM'),
('address',	'445 Mount Eden Road,<br>\nMount Eden,<br>\nAuckland.<br>\nIsnin - Jumaat (9pg-5ptg)'),
('email',	'arma7x@live.com'),
('office_number',	'+60179549161'),
('mobile_number',	'+60179549161');

DROP TABLE IF EXISTS `inbox_channels`;
CREATE TABLE `inbox_channels` (
  `id` int(11) NOT NULL AUTO_INCREMENT,
  `icon` text NOT NULL,
  `name` varchar(255) NOT NULL,
  `url` varchar(255) NOT NULL,
  `ordering` int(11) NOT NULL,
  PRIMARY KEY (`id`)
) ENGINE=InnoDB DEFAULT CHARSET=latin1;

INSERT INTO `inbox_channels` (`id`, `icon`, `name`, `url`, `ordering`) VALUES
(1,	'data:image/webp;base64,UklGRmgDAABXRUJQVlA4TFsDAAAvMUAMAFfFoG0bQQ5/gAfn/n97DgzathEcrHP3/yCeQds2gnN17u55/fzf4eH8fwAGIDBAmKAICLAQCkDGOdpcA41BQQZGAwJEA4BR2gDTvQQo3UMJDBiQ6fso0AkobZwobW5UAIqeBxjofRgDMgpAhQGlUGay4SMwnASAHRQVAKYilM4BAtpA91CcNMBJAWAwAEzn+GS/tAHFEAC0bds2bTv12rZt23acXNu2bTu2nf6XKWvts9bNUx4j+s/AbSNFIy0cZ/jeAAAAAAAAAAAAAAAAAAAAAAAAAAAAAAAAAAAAAAAAAAAAAAAAAAAAAAAAAAAAAIAW/eeu+2DVwqkt/qsz3VZe+C1Jknx3YlHz/2A34MhfSZI0nHg+7U13bfaVdj9eO7pty+Hr35c2xzq+0ejysEC7srR1GaPVgksFx8ej3mAM+jjJ5bFNo4w+n+T3hfX3nya/1oCa/1Pyy7Cao/WD5IsRdXiGfpK8bF9Pdid/jKsHNOrX5HAtnn5/JSsKgHGzOlUiLUz+HlJHTieXig+8m1yrxXS5xhiY/N4bkwo/Vhu45y/J6Gp5P9lbfOBAIfuqqbYlG6pZ7iWziw/cSeH4zpVUU5OnlSgd/8kPpWC/XYrIydWKfJP0qiIZk9wtAewsxns1zHs9mVJFMjc5UwIYm+RWHQ8eSRZVkaxIdpYJbiR/jqwhG5N1VSRrkx1lguF/JQ9rJP2m5O0qkmXJkQaEzUmOt6qUw8mSKpIpyb3G4nIiycM+RZx+d6ox5a7WuKXt3/mjWQNDs5NJflvfoe/XSW7OanxRz0p1HyVzmoDYVXzql89KIfG6AJmWPKk26YfJ0aYoFv/UREk6UHBsTz6qUSmSP/o2hdH7RsP4aUhDBtTx9PnkbANHOYT2vEjyakLBcLIhy2rEZyrrW9fp45s1ZvLgOjKzIS1qFZhfk4P/8tSLv401x5CPk6ftagE9TmaUR2Vu/Jx81aMEVGmr5JeWI9ac+PLGiIr6dS7J58PrqbA8+enbkh//vrBmSEP1XnjpnyTPute00omKTvLpxZ1bj/zbIUrgh9rXdcR3KYL41vql9xuRy4qeGFK71k/M77fWz2xdit39RfcpgV9e3bWinVT0jllF52lMml6TF7/z1rzBLf6P/8gAAA==',	'Whatsapp',	'https://api.whatsapp.com/send?phone=60179549161&text=%param',	1),
(2,	'data:image/webp;base64,UklGRoACAABXRUJQVlA4THMCAAAvMUAMACeEoG3bxB1/Hmd5Ggjatm2sznSgJ8i26fwdr/L5j/c3GCFYciRASw5aApAAAch3FiEUEAmIoBjBEu6RQLgXIgpYCUQIkUAwFCgUw9GyI0BoEcaHsYtQRNgFArRAcLQYQQgiFAgQgkWElQCiJYBQArRwSiBCtEAAJddi5FqCESDbtm1Dkmbbtm3bNsuutl226/54RURGxM23fovoPwO3jRTlaPEue0t/AAAAAAAAAAAAAAAAAAAAAAAAAAAAAAAAAAAAAAAAAAAAAAAAAAAAAAAAAAAAAAAAAAAAAAAAAAAAAAAAAAAAAAAAAAAAAAAAAGDekYaJgaPVDG250xVCCHVVS1l0sn0mhJRnVQrteDIQQshyphopy85/DCHksD0+tO/lSMX7av6m9YZiU9Ze+13ZpB+HzmcyOuP68GjDRGVo5MaCu1mDe3F9mPfPWjcuqKlQOF6+Dztm8kJdxyztrJRYV7IPnw7k9sn4/SU2fK206CmTsjzpw/xO/LCd7T05Gk3FoQNzfVgQ6juLg4N5IjcLr8ehIDT7YgWOj+WqHC6kueD6tid1uTib77KikMUXOiYrnYavzktVHhXI/yr1ltVnWzOtb1ufWixsLPo/r8uOghWnGkfD4tRg5dtQxOWIkXYiHMSmudFcyP4Ilow+ZEdv8TWxMGb4t/ykNhTzJWrCnA1bvS/B8yhWTV/3rwTn4iZx57t5UyXYEcel2Z2pW+/ejrxrNHKh2BDqQwj927iSswK8iV1bPocQBjLN3/2nggex3AphYFdWYemrLCdjWdPdtycrkc60zNTcXN3NYfOnEL5Xez+Zf/r2+v+cHR8A',	'Telegram',	'https://t.me/arma7x',	2),
(3,	'data:image/webp;base64,UklGRtIBAABXRUJQVlA4TMYBAAAvMUAMELfCoG0jSXH3HuoH/EAwaNtIcnSS6ezez+AEAkn7c+4hIEns/+eow/d/KAABIAFgAEkUGyKKAGjAEpAAsBAECCEL1xGgs7DmvgIWliyQM9nk/UKeK/eV4LkSnJUFEFwrQXAGElkgioxiIQABQ34+mdEECkIYQLJt27STGdtOfmzbtv1P//vy3sctpxLRf0Vu2zZFeOtI9x8AAAAAAAAAAAAAAAAAAAAAAAAAAAAAAAAAAAAAAAAAAAAAAAAAAAAAAAAAAAAAAAAAAAAAAAAAAAAAAAAAAAAAAAAAAAAAAAAAAAAAAAAAAAAAAAAAAAAAAAAAAAAAAAAAAAAAAACA3ioyaa5NtPI5WSmR+uXZRIvFeB8rn8jc5Uqi+b+IeB0pk8fEUawnmvmNiIingXwa/TvF2Eg09RWRi/s+tG18R2wlGv+IKInbnobVt4jYSex96CWiTFzdZu12G6pVsliPWW77h2WrHjSm6b6JiLNpLSdlHLek6biIuFvIVqv9vMR5e5rW03hfK5l7103OdWeapsOfzY5KK/nQl6Zhb7u/fB7Dr/E8mKZuqVAxk8LdqMRSTSqJowIAAAAAAAAAAP5rPsEa',	'Messenger',	'https://m.me/',	3);

DROP TABLE IF EXISTS `products`;
CREATE TABLE `products` (
  `id` varchar(10) NOT NULL,
  `name` varchar(255) NOT NULL,
  `slug` varchar(255) NOT NULL,
  `price` double NOT NULL,
  `visibility` tinyint(1) NOT NULL,
  `spotlight` tinyint(1) NOT NULL,
  `availability` tinyint(1) NOT NULL,
  `main_photo` varchar(500) NOT NULL,
  `second_photo` varchar(500) NOT NULL,
  `third_photo` varchar(500) NOT NULL,
  `fourth_photo` varchar(500) NOT NULL,
  `brief_description` varchar(255) NOT NULL,
  `full_description` text NOT NULL,
  `created_at` int(11) NOT NULL,
  `updated_at` int(11) NOT NULL,
  PRIMARY KEY (`id`),
  KEY `name` (`name`),
  KEY `slug` (`slug`)
) ENGINE=InnoDB DEFAULT CHARSET=latin1;

INSERT INTO `products` (`id`, `name`, `slug`, `price`, `visibility`, `spotlight`, `availability`, `main_photo`, `second_photo`, `third_photo`, `fourth_photo`, `brief_description`, `full_description`, `created_at`, `updated_at`) VALUES
('CD100',	'Ut Perspiciatis',	'ut-perspiciatis',	56,	1,	1,	1,	'https://i.imgur.com/EEfKOqk.png',	'',	'',	'',	'Sed ut perspiciatis unde omnis iste natus error sit voluptatem accusantium doloremque laudantium, totam rem aperiam, eaque ipsa quae ab illo inventore veritatis',	'<p><span style=\"font-size: 1rem;\">Sed ut perspiciatis unde omnis iste natus error sit voluptatem accusantium doloremque laudantium, totam rem aperiam, eaque ipsa quae ab illo inventore veritatis et quasi architecto beatae vitae dicta sunt explicabo. Nemo enim ipsam voluptatem quia voluptas sit aspernatur aut odit aut fugit, sed quia consequuntur magni dolores eos qui ratione voluptatem sequi nesciunt. Neque porro quisquam est, qui dolorem ipsum quia dolor sit amet, consectetur, adipisci velit, sed quia non numquam eius modi tempora incidunt ut labore et dolore magnam aliquam quaerat voluptatem. Ut enim ad minima veniam, quis nostrum exercitationem ullam corporis suscipit laboriosam, nisi ut aliquid ex ea commodi consequatur? Quis autem vel eum iure reprehenderit qui in ea voluptate velit esse quam nihil molestiae consequatur, vel illum qui dolorem eum fugiat quo voluptas nulla pariatur?</span><br></p>',	1552475381,	1552488198),
('CD101',	'Onventore Veritatis',	'onventore-veritatis',	44,	1,	0,	1,	'https://i.imgur.com/IHxAuVb.png',	'',	'',	'',	'Sed ut perspiciatis unde omnis iste natus error sit voluptatem accusantium doloremque laudantium, totam rem aperiam, eaque ipsa quae ab illo inventore veritatis',	'<p><span style=\"font-size: 1rem;\">Sed ut perspiciatis unde omnis iste natus error sit voluptatem accusantium doloremque laudantium, totam rem aperiam, eaque ipsa quae ab illo inventore veritatis et quasi architecto beatae vitae dicta sunt explicabo. Nemo enim ipsam voluptatem quia voluptas sit aspernatur aut odit aut fugit, sed quia consequuntur magni dolores eos qui ratione voluptatem sequi nesciunt. Neque porro quisquam est, qui dolorem ipsum quia dolor sit amet, consectetur, adipisci velit, sed quia non numquam eius modi tempora incidunt ut labore et dolore magnam aliquam quaerat voluptatem. Ut enim ad minima veniam, quis nostrum exercitationem ullam corporis suscipit laboriosam, nisi ut aliquid ex ea commodi consequatur? Quis autem vel eum iure reprehenderit qui in ea voluptate velit esse quam nihil molestiae consequatur, vel illum qui dolorem eum fugiat quo voluptas nulla pariatur?</span><br></p>',	1552475455,	1552487839),
('CD102',	'Nisi Ut Aliquid',	'nisi-ut-aliquid',	88,	1,	1,	1,	'https://i.imgur.com/ZZovR3v.png',	'',	'',	'',	'Sed ut perspiciatis unde omnis iste natus error sit voluptatem accusantium doloremque laudantium, totam rem aperiam, eaque ipsa quae ab illo inventore veritatis',	'<p><span style=\"font-size: 1rem;\">Sed ut perspiciatis unde omnis iste natus error sit voluptatem accusantium doloremque laudantium, totam rem aperiam, eaque ipsa quae ab illo inventore veritatis et quasi architecto beatae vitae dicta sunt explicabo. Nemo enim ipsam voluptatem quia voluptas sit aspernatur aut odit aut fugit, sed quia consequuntur magni dolores eos qui ratione voluptatem sequi nesciunt. Neque porro quisquam est, qui dolorem ipsum quia dolor sit amet, consectetur, adipisci velit, sed quia non numquam eius modi tempora incidunt ut labore et dolore magnam aliquam quaerat voluptatem. Ut enim ad minima veniam, quis nostrum exercitationem ullam corporis suscipit laboriosam, nisi ut aliquid ex ea commodi consequatur? Quis autem vel eum iure reprehenderit qui in ea voluptate velit esse quam nihil molestiae consequatur, vel illum qui dolorem eum fugiat quo voluptas nulla pariatur?</span><br></p>',	1552475497,	1552487717),
('CD103',	'Natus Error Sit',	'natus-error-sit',	23,	1,	0,	1,	'https://i.imgur.com/41l8btx.png',	'',	'',	'',	'Sed ut perspiciatis unde omnis iste natus error sit voluptatem accusantium doloremque laudantium, totam rem aperiam, eaque ipsa quae ab illo inventore veritatis',	'<p><span style=\"font-size: 1rem;\">Sed ut perspiciatis unde omnis iste natus error sit voluptatem accusantium doloremque laudantium, totam rem aperiam, eaque ipsa quae ab illo inventore veritatis et quasi architecto beatae vitae dicta sunt explicabo. Nemo enim ipsam voluptatem quia voluptas sit aspernatur aut odit aut fugit, sed quia consequuntur magni dolores eos qui ratione voluptatem sequi nesciunt. Neque porro quisquam est, qui dolorem ipsum quia dolor sit amet, consectetur, adipisci velit, sed quia non numquam eius modi tempora incidunt ut labore et dolore magnam aliquam quaerat voluptatem. Ut enim ad minima veniam, quis nostrum exercitationem ullam corporis suscipit laboriosam, nisi ut aliquid ex ea commodi consequatur? Quis autem vel eum iure reprehenderit qui in ea voluptate velit esse quam nihil molestiae consequatur, vel illum qui dolorem eum fugiat quo voluptas nulla pariatur?</span><br></p>',	1552475553,	1552487615),
('CD104',	'Vel Illum Gui',	'vel-illum-gui',	63,	1,	1,	1,	'https://i.imgur.com/3X3H4ZI.png',	'',	'',	'',	'Sed ut perspiciatis unde omnis iste natus error sit voluptatem accusantium doloremque laudantium, totam rem aperiam, eaque ipsa quae ab illo inventore veritatis',	'<p><span style=\"font-size: 1rem;\">Sed ut perspiciatis unde omnis iste natus error sit voluptatem accusantium doloremque laudantium, totam rem aperiam, eaque ipsa quae ab illo inventore veritatis et quasi architecto beatae vitae dicta sunt explicabo. Nemo enim ipsam voluptatem quia voluptas sit aspernatur aut odit aut fugit, sed quia consequuntur magni dolores eos qui ratione voluptatem sequi nesciunt. Neque porro quisquam est, qui dolorem ipsum quia dolor sit amet, consectetur, adipisci velit, sed quia non numquam eius modi tempora incidunt ut labore et dolore magnam aliquam quaerat voluptatem. Ut enim ad minima veniam, quis nostrum exercitationem ullam corporis suscipit laboriosam, nisi ut aliquid ex ea commodi consequatur? Quis autem vel eum iure reprehenderit qui in ea voluptate velit esse quam nihil molestiae consequatur, vel illum qui dolorem eum fugiat quo voluptas nulla pariatur?</span><br></p>',	1552475629,	1552487532),
('CD105',	'Unde Omnis',	'unde-omnis',	34,	1,	0,	1,	'https://i.imgur.com/r0UuR9D.png',	'',	'',	'',	'Sed ut perspiciatis unde omnis iste natus error sit voluptatem accusantium doloremque laudantium, totam rem aperiam, eaque ipsa quae ab illo inventore veritatis',	'<p><span style=\"font-size: 1rem;\">Sed ut perspiciatis unde omnis iste natus error sit voluptatem accusantium doloremque laudantium, totam rem aperiam, eaque ipsa quae ab illo inventore veritatis et quasi architecto beatae vitae dicta sunt explicabo. Nemo enim ipsam voluptatem quia voluptas sit aspernatur aut odit aut fugit, sed quia consequuntur magni dolores eos qui ratione voluptatem sequi nesciunt. Neque porro quisquam est, qui dolorem ipsum quia dolor sit amet, consectetur, adipisci velit, sed quia non numquam eius modi tempora incidunt ut labore et dolore magnam aliquam quaerat voluptatem. Ut enim ad minima veniam, quis nostrum exercitationem ullam corporis suscipit laboriosam, nisi ut aliquid ex ea commodi consequatur? Quis autem vel eum iure reprehenderit qui in ea voluptate velit esse quam nihil molestiae consequatur, vel illum qui dolorem eum fugiat quo voluptas nulla pariatur?</span><br></p>',	1552475694,	1552487459),
('CD106',	'Quasi Architecto',	'quasi-architecto',	46,	1,	0,	1,	'https://i.imgur.com/0pHl3gZ.png',	'',	'',	'',	'Sed ut perspiciatis unde omnis iste natus error sit voluptatem accusantium doloremque laudantium, totam rem aperiam, eaque ipsa quae ab illo inventore veritatis',	'<p><span style=\"font-size: 1rem;\">Sed ut perspiciatis unde omnis iste natus error sit voluptatem accusantium doloremque laudantium, totam rem aperiam, eaque ipsa quae ab illo inventore veritatis et quasi architecto beatae vitae dicta sunt explicabo. Nemo enim ipsam voluptatem quia voluptas sit aspernatur aut odit aut fugit, sed quia consequuntur magni dolores eos qui ratione voluptatem sequi nesciunt. Neque porro quisquam est, qui dolorem ipsum quia dolor sit amet, consectetur, adipisci velit, sed quia non numquam eius modi tempora incidunt ut labore et dolore magnam aliquam quaerat voluptatem. Ut enim ad minima veniam, quis nostrum exercitationem ullam corporis suscipit laboriosam, nisi ut aliquid ex ea commodi consequatur? Quis autem vel eum iure reprehenderit qui in ea voluptate velit esse quam nihil molestiae consequatur, vel illum qui dolorem eum fugiat quo voluptas nulla pariatur?</span><br></p>',	1552475741,	1552487409),
('CD107',	'Vel Eum Iure',	'vel-eum-iure',	28,	1,	1,	1,	'https://i.imgur.com/Pz5q0g7.png',	'',	'',	'',	'Sed ut perspiciatis unde omnis iste natus error sit voluptatem accusantium doloremque laudantium, totam rem aperiam, eaque ipsa quae ab illo inventore veritatis',	'<p><span style=\"font-size: 1rem;\">Sed ut perspiciatis unde omnis iste natus error sit voluptatem accusantium doloremque laudantium, totam rem aperiam, eaque ipsa quae ab illo inventore veritatis et quasi architecto beatae vitae dicta sunt explicabo. Nemo enim ipsam voluptatem quia voluptas sit aspernatur aut odit aut fugit, sed quia consequuntur magni dolores eos qui ratione voluptatem sequi nesciunt. Neque porro quisquam est, qui dolorem ipsum quia dolor sit amet, consectetur, adipisci velit, sed quia non numquam eius modi tempora incidunt ut labore et dolore magnam aliquam quaerat voluptatem. Ut enim ad minima veniam, quis nostrum exercitationem ullam corporis suscipit laboriosam, nisi ut aliquid ex ea commodi consequatur? Quis autem vel eum iure reprehenderit qui in ea voluptate velit esse quam nihil molestiae consequatur, vel illum qui dolorem eum fugiat quo voluptas nulla pariatur?</span><br></p>',	1552475816,	1552487293),
('CD108',	'Magnam Aliquam',	'magnam-aliquam',	65,	1,	0,	1,	'https://i.imgur.com/6nu4z5z.png',	'',	'',	'',	'Sed ut perspiciatis unde omnis iste natus error sit voluptatem accusantium doloremque laudantium, totam rem aperiam, eaque ipsa quae ab illo inventore veritatis',	'<p><span style=\"font-size: 1rem;\">Sed ut perspiciatis unde omnis iste natus error sit voluptatem accusantium doloremque laudantium, totam rem aperiam, eaque ipsa quae ab illo inventore veritatis et quasi architecto beatae vitae dicta sunt explicabo. Nemo enim ipsam voluptatem quia voluptas sit aspernatur aut odit aut fugit, sed quia consequuntur magni dolores eos qui ratione voluptatem sequi nesciunt. Neque porro quisquam est, qui dolorem ipsum quia dolor sit amet, consectetur, adipisci velit, sed quia non numquam eius modi tempora incidunt ut labore et dolore magnam aliquam quaerat voluptatem. Ut enim ad minima veniam, quis nostrum exercitationem ullam corporis suscipit laboriosam, nisi ut aliquid ex ea commodi consequatur? Quis autem vel eum iure reprehenderit qui in ea voluptate velit esse quam nihil molestiae consequatur, vel illum qui dolorem eum fugiat quo voluptas nulla pariatur?</span><br></p>',	1552475862,	1552487226),
('CD109',	'Beatae Vitae',	'beatae-vitae',	45,	1,	0,	1,	'https://i.imgur.com/KTKBR60.png',	'',	'',	'',	'Sed ut perspiciatis unde omnis iste natus error sit voluptatem accusantium doloremque laudantium, totam rem aperiam, eaque ipsa quae ab illo inventore veritatis',	'<p><span style=\"font-size: 1rem;\">Sed ut perspiciatis unde omnis iste natus error sit voluptatem accusantium doloremque laudantium, totam rem aperiam, eaque ipsa quae ab illo inventore veritatis et quasi architecto beatae vitae dicta sunt explicabo. Nemo enim ipsam voluptatem quia voluptas sit aspernatur aut odit aut fugit, sed quia consequuntur magni dolores eos qui ratione voluptatem sequi nesciunt. Neque porro quisquam est, qui dolorem ipsum quia dolor sit amet, consectetur, adipisci velit, sed quia non numquam eius modi tempora incidunt ut labore et dolore magnam aliquam quaerat voluptatem. Ut enim ad minima veniam, quis nostrum exercitationem ullam corporis suscipit laboriosam, nisi ut aliquid ex ea commodi consequatur? Quis autem vel eum iure reprehenderit qui in ea voluptate velit esse quam nihil molestiae consequatur, vel illum qui dolorem eum fugiat quo voluptas nulla pariatur?</span><br></p>',	1552475922,	1552487152),
('CD110',	'Quis Autem',	'quis-autem',	14,	1,	1,	1,	'https://i.imgur.com/t0iS9AU.png',	'',	'',	'',	'Sed ut perspiciatis unde omnis iste natus error sit voluptatem accusantium doloremque laudantium, totam rem aperiam, eaque ipsa quae ab illo inventore veritatis',	'<p><span style=\"font-size: 1rem;\">Sed ut perspiciatis unde omnis iste natus error sit voluptatem accusantium doloremque laudantium, totam rem aperiam, eaque ipsa quae ab illo inventore veritatis et quasi architecto beatae vitae dicta sunt explicabo. Nemo enim ipsam voluptatem quia voluptas sit aspernatur aut odit aut fugit, sed quia consequuntur magni dolores eos qui ratione voluptatem sequi nesciunt. Neque porro quisquam est, qui dolorem ipsum quia dolor sit amet, consectetur, adipisci velit, sed quia non numquam eius modi tempora incidunt ut labore et dolore magnam aliquam quaerat voluptatem. Ut enim ad minima veniam, quis nostrum exercitationem ullam corporis suscipit laboriosam, nisi ut aliquid ex ea commodi consequatur? Quis autem vel eum iure reprehenderit qui in ea voluptate velit esse quam nihil molestiae consequatur, vel illum qui dolorem eum fugiat quo voluptas nulla pariatur?</span><br></p>',	1552475977,	1552487046),
('CD111',	'Consequuntur Magni',	'consequuntur-magni',	12,	1,	0,	1,	'https://i.imgur.com/WUcp2bK.png',	'',	'',	'',	'Sed ut perspiciatis unde omnis iste natus error sit voluptatem accusantium doloremque laudantium, totam rem aperiam, eaque ipsa quae ab illo inventore veritatis',	'<p><span style=\"font-size: 1rem;\">Sed ut perspiciatis unde omnis iste natus error sit voluptatem accusantium doloremque laudantium, totam rem aperiam, eaque ipsa quae ab illo inventore veritatis et quasi architecto beatae vitae dicta sunt explicabo. Nemo enim ipsam voluptatem quia voluptas sit aspernatur aut odit aut fugit, sed quia consequuntur magni dolores eos qui ratione voluptatem sequi nesciunt. Neque porro quisquam est, qui dolorem ipsum quia dolor sit amet, consectetur, adipisci velit, sed quia non numquam eius modi tempora incidunt ut labore et dolore magnam aliquam quaerat voluptatem. Ut enim ad minima veniam, quis nostrum exercitationem ullam corporis suscipit laboriosam, nisi ut aliquid ex ea commodi consequatur? Quis autem vel eum iure reprehenderit qui in ea voluptate velit esse quam nihil molestiae consequatur, vel illum qui dolorem eum fugiat quo voluptas nulla pariatur?</span><br></p>',	1552476048,	1552486941),
('CD112',	'Sunt Explicabo',	'sunt-explicabo',	10,	1,	0,	1,	'https://i.imgur.com/OlfLAqu.png',	'',	'',	'',	'Sed ut perspiciatis unde omnis iste natus error sit voluptatem accusantium doloremque laudantium, totam rem aperiam, eaque ipsa quae ab illo inventore veritatis',	'<p><span style=\"font-size: 1rem;\">Sed ut perspiciatis unde omnis iste natus error sit voluptatem accusantium doloremque laudantium, totam rem aperiam, eaque ipsa quae ab illo inventore veritatis et quasi architecto beatae vitae dicta sunt explicabo. Nemo enim ipsam voluptatem quia voluptas sit aspernatur aut odit aut fugit, sed quia consequuntur magni dolores eos qui ratione voluptatem sequi nesciunt. Neque porro quisquam est, qui dolorem ipsum quia dolor sit amet, consectetur, adipisci velit, sed quia non numquam eius modi tempora incidunt ut labore et dolore magnam aliquam quaerat voluptatem. Ut enim ad minima veniam, quis nostrum exercitationem ullam corporis suscipit laboriosam, nisi ut aliquid ex ea commodi consequatur? Quis autem vel eum iure reprehenderit qui in ea voluptate velit esse quam nihil molestiae consequatur, vel illum qui dolorem eum fugiat quo voluptas nulla pariatur?</span><br></p>',	1552476088,	1552486839),
('CS100',	'Lorem De Shoes',	'lorem-de-shoes',	126,	1,	1,	1,	'https://i.imgur.com/DmxisaQ.png',	'',	'',	'',	'Sed ut perspiciatis unde omnis iste natus error sit voluptatem accusantium doloremque laudantium, totam rem aperiam, eaque ipsa quae ab illo inventore veritatis',	'Sed ut perspiciatis unde omnis iste natus error sit voluptatem accusantium doloremque laudantium, totam rem aperiam, eaque ipsa quae ab illo inventore veritatis et quasi architecto beatae vitae dicta sunt explicabo. Nemo enim ipsam voluptatem quia voluptas sit aspernatur aut odit aut fugit, sed quia consequuntur magni dolores eos qui ratione voluptatem sequi nesciunt. Neque porro quisquam est, qui dolorem ipsum quia dolor sit amet, consectetur, adipisci velit, sed quia non numquam eius modi tempora incidunt ut labore et dolore magnam aliquam quaerat voluptatem. Ut enim ad minima veniam, quis nostrum exercitationem ullam corporis suscipit laboriosam, nisi ut aliquid ex ea commodi consequatur? Quis autem vel eum iure reprehenderit qui in ea voluptate velit esse quam nihil molestiae consequatur, vel illum qui dolorem eum fugiat quo voluptas nulla pariatur?',	1552388159,	1552488559),
('CS103',	'Ipsum Dress Natus',	'ipsum-dress-natus',	45.9,	1,	1,	1,	'https://i.imgur.com/w2s1KWC.png',	'',	'',	'',	'Sed ut perspiciatis unde omnis iste natus error sit voluptatem accusantium doloremque laudantium, totam rem aperiam, eaque ipsa quae ab illo inventore veritatis',	'<p><span style=\"font-size: 1rem;\">Sed ut perspiciatis unde omnis iste natus error sit voluptatem accusantium doloremque laudantium, totam rem aperiam, eaque ipsa quae ab illo inventore veritatis et quasi architecto beatae vitae dicta sunt explicabo. Nemo enim ipsam voluptatem quia voluptas sit aspernatur aut odit aut fugit, sed quia consequuntur magni dolores eos qui ratione voluptatem sequi nesciunt. Neque porro quisquam est, qui dolorem ipsum quia dolor sit amet, consectetur, adipisci velit, sed quia non numquam eius modi tempora incidunt ut labore et dolore magnam aliquam quaerat voluptatem. Ut enim ad minima veniam, quis nostrum exercitationem ullam corporis suscipit laboriosam, nisi ut aliquid ex ea commodi consequatur? Quis autem vel eum iure reprehenderit qui in ea voluptate velit esse quam nihil molestiae consequatur, vel illum qui dolorem eum fugiat quo voluptas nulla pariatur?</span><br></p>',	1552388614,	1552488428),
('CS105',	'Totam Rem LE',	'totam-rem-le',	150.5,	1,	1,	1,	'https://i.imgur.com/RyAspc7.png',	'',	'',	'',	'Sed ut perspiciatis unde omnis iste natus error sit voluptatem accusantium doloremque laudantium, totam rem aperiam, eaque ipsa quae ab illo inventore veritatis',	'<p><span style=\"font-size: 1rem;\">Sed ut perspiciatis unde omnis iste natus error sit voluptatem accusantium doloremque laudantium, totam rem aperiam, eaque ipsa quae ab illo inventore veritatis et quasi architecto beatae vitae dicta sunt explicabo. Nemo enim ipsam voluptatem quia voluptas sit aspernatur aut odit aut fugit, sed quia consequuntur magni dolores eos qui ratione voluptatem sequi nesciunt. Neque porro quisquam est, qui dolorem ipsum quia dolor sit amet, consectetur, adipisci velit, sed quia non numquam eius modi tempora incidunt ut labore et dolore magnam aliquam quaerat voluptatem. Ut enim ad minima veniam, quis nostrum exercitationem ullam corporis suscipit laboriosam, nisi ut aliquid ex ea commodi consequatur? Quis autem vel eum iure reprehenderit qui in ea voluptate velit esse quam nihil molestiae consequatur, vel illum qui dolorem eum fugiat quo voluptas nulla pariatur?</span><br></p>',	1552389413,	1552488302),
('CS108',	'Commodi Consequatur',	'commodi-consequatur',	56,	1,	1,	1,	'https://i.imgur.com/4f9iDZC.png',	'',	'',	'',	'Sed ut perspiciatis unde omnis iste natus error sit voluptatem accusantium doloremque laudantium, totam rem aperiam, eaque ipsa quae ab illo inventore veritatis',	'<p><span style=\"font-size: 1rem;\">Sed ut perspiciatis unde omnis iste natus error sit voluptatem accusantium doloremque laudantium, totam rem aperiam, eaque ipsa quae ab illo inventore veritatis et quasi architecto beatae vitae dicta sunt explicabo. Nemo enim ipsam voluptatem quia voluptas sit aspernatur aut odit aut fugit, sed quia consequuntur magni dolores eos qui ratione voluptatem sequi nesciunt. Neque porro quisquam est, qui dolorem ipsum quia dolor sit amet, consectetur, adipisci velit, sed quia non numquam eius modi tempora incidunt ut labore et dolore magnam aliquam quaerat voluptatem. Ut enim ad minima veniam, quis nostrum exercitationem ullam corporis suscipit laboriosam, nisi ut aliquid ex ea commodi consequatur? Quis autem vel eum iure reprehenderit qui in ea voluptate velit esse quam nihil molestiae consequatur, vel illum qui dolorem eum fugiat quo voluptas nulla pariatur?</span><br></p>',	1552458194,	1552488395),
('CS110',	'Voluptatem Accusantium',	'voluptatem-accusantium',	45,	1,	0,	1,	'https://i.imgur.com/g8PJ1lS.png',	'',	'',	'',	'Sed ut perspiciatis unde omnis iste natus error sit voluptatem accusantium doloremque laudantium, totam rem aperiam, eaque ipsa quae ab illo inventore veritatis',	'<p><span style=\"font-size: 1rem;\">Sed ut perspiciatis unde omnis iste natus error sit voluptatem accusantium doloremque laudantium, totam rem aperiam, eaque ipsa quae ab illo inventore veritatis et quasi architecto beatae vitae dicta sunt explicabo. Nemo enim ipsam voluptatem quia voluptas sit aspernatur aut odit aut fugit, sed quia consequuntur magni dolores eos qui ratione voluptatem sequi nesciunt. Neque porro quisquam est, qui dolorem ipsum quia dolor sit amet, consectetur, adipisci velit, sed quia non numquam eius modi tempora incidunt ut labore et dolore magnam aliquam quaerat voluptatem. Ut enim ad minima veniam, quis nostrum exercitationem ullam corporis suscipit laboriosam, nisi ut aliquid ex ea commodi consequatur? Quis autem vel eum iure reprehenderit qui in ea voluptate velit esse quam nihil molestiae consequatur, vel illum qui dolorem eum fugiat quo voluptas nulla pariatur?</span><br></p>',	1552458549,	1552488518),
('CS112',	'Dolorem Eum Fugiat',	'dolorem-eum-fugiat',	77.5,	1,	1,	1,	'https://i.imgur.com/A0Qfasi.png',	'',	'',	'',	'Sed ut perspiciatis unde omnis iste natus error sit voluptatem accusantium doloremque laudantium, totam rem aperiam, eaque ipsa quae ab illo inventore veritatis',	'<p><span style=\"font-size: 1rem;\">Sed ut perspiciatis unde omnis iste natus error sit voluptatem accusantium doloremque laudantium, totam rem aperiam, eaque ipsa quae ab illo inventore veritatis et quasi architecto beatae vitae dicta sunt explicabo. Nemo enim ipsam voluptatem quia voluptas sit aspernatur aut odit aut fugit, sed quia consequuntur magni dolores eos qui ratione voluptatem sequi nesciunt. Neque porro quisquam est, qui dolorem ipsum quia dolor sit amet, consectetur, adipisci velit, sed quia non numquam eius modi tempora incidunt ut labore et dolore magnam aliquam quaerat voluptatem. Ut enim ad minima veniam, quis nostrum exercitationem ullam corporis suscipit laboriosam, nisi ut aliquid ex ea commodi consequatur? Quis autem vel eum iure reprehenderit qui in ea voluptate velit esse quam nihil molestiae consequatur, vel illum qui dolorem eum fugiat quo voluptas nulla pariatur?</span><br></p>',	1552458895,	1552488244),
('CS113',	'Vel Illum',	'vel-illum',	250,	1,	1,	1,	'https://i.imgur.com/m3oD5Mj.png',	'',	'',	'',	'Sed ut perspiciatis unde omnis iste natus error sit voluptatem accusantium doloremque laudantium, totam rem aperiam, eaque ipsa quae ab illo inventore veritatis',	'<p><span style=\"font-size: 1rem;\">Sed ut perspiciatis unde omnis iste natus error sit voluptatem accusantium doloremque laudantium, totam rem aperiam, eaque ipsa quae ab illo inventore veritatis et quasi architecto beatae vitae dicta sunt explicabo. Nemo enim ipsam voluptatem quia voluptas sit aspernatur aut odit aut fugit, sed quia consequuntur magni dolores eos qui ratione voluptatem sequi nesciunt. Neque porro quisquam est, qui dolorem ipsum quia dolor sit amet, consectetur, adipisci velit, sed quia non numquam eius modi tempora incidunt ut labore et dolore magnam aliquam quaerat voluptatem. Ut enim ad minima veniam, quis nostrum exercitationem ullam corporis suscipit laboriosam, nisi ut aliquid ex ea commodi consequatur? Quis autem vel eum iure reprehenderit qui in ea voluptate velit esse quam nihil molestiae consequatur, vel illum qui dolorem eum fugiat quo voluptas nulla pariatur?</span><br></p>',	1552459048,	1552488476),
('CS114',	'Eaque Ipsa',	'eaque-ipsa',	25,	1,	1,	0,	'https://i.imgur.com/Wnjug72.png',	'',	'',	'',	'Sed ut perspiciatis unde omnis iste natus error sit voluptatem accusantium doloremque laudantium, totam rem aperiam, eaque ipsa quae ab illo inventore veritatis',	'<p><span style=\"font-size: 1rem;\">Sed ut perspiciatis unde omnis iste natus error sit voluptatem accusantium doloremque laudantium, totam rem aperiam, eaque ipsa quae ab illo inventore veritatis et quasi architecto beatae vitae dicta sunt explicabo. Nemo enim ipsam voluptatem quia voluptas sit aspernatur aut odit aut fugit, sed quia consequuntur magni dolores eos qui ratione voluptatem sequi nesciunt. Neque porro quisquam est, qui dolorem ipsum quia dolor sit amet, consectetur, adipisci velit, sed quia non numquam eius modi tempora incidunt ut labore et dolore magnam aliquam quaerat voluptatem. Ut enim ad minima veniam, quis nostrum exercitationem ullam corporis suscipit laboriosam, nisi ut aliquid ex ea commodi consequatur? Quis autem vel eum iure reprehenderit qui in ea voluptate velit esse quam nihil molestiae consequatur, vel illum qui dolorem eum fugiat quo voluptas nulla pariatur?</span><br></p>',	1552459466,	1552488357);

DROP TABLE IF EXISTS `product_category_tags`;
CREATE TABLE `product_category_tags` (
  `product` varchar(10) NOT NULL,
  `category` int(11) NOT NULL,
  KEY `product` (`product`),
  KEY `category` (`category`)
) ENGINE=InnoDB DEFAULT CHARSET=latin1;

INSERT INTO `product_category_tags` (`product`, `category`) VALUES
('CS100',	1),
('CS103',	3),
('CS105',	5),
('CS108',	3),
('CS110',	1),
('CS112',	5),
('CS113',	1),
('CS114',	3),
('CD100',	5),
('CD101',	7),
('CD102',	7),
('CD103',	7),
('CD104',	8),
('CD105',	8),
('CD106',	8),
('CD107',	9),
('CD108',	9),
('CD109',	9),
('CD110',	10),
('CD111',	10),
('CD112',	10);

DROP TABLE IF EXISTS `remember_tokens`;
CREATE TABLE `remember_tokens` (
  `id` varchar(16) NOT NULL,
  `validator_hash` varchar(255) NOT NULL,
  `user` varchar(15) NOT NULL,
  `user_agent` varchar(255) NOT NULL,
  `last_used` int(11) NOT NULL,
  PRIMARY KEY (`id`),
  KEY `user` (`user`)
) ENGINE=InnoDB DEFAULT CHARSET=latin1;


DROP TABLE IF EXISTS `reset_tokens`;
CREATE TABLE `reset_tokens` (
  `id` varchar(16) NOT NULL,
  `validator_hash` varchar(255) NOT NULL,
  `user` varchar(15) NOT NULL,
  PRIMARY KEY (`id`),
  KEY `user` (`user`)
) ENGINE=InnoDB DEFAULT CHARSET=latin1;


DROP TABLE IF EXISTS `social_channels`;
CREATE TABLE `social_channels` (
  `id` int(11) NOT NULL AUTO_INCREMENT,
  `icon` text NOT NULL,
  `name` varchar(255) NOT NULL,
  `url` varchar(255) NOT NULL,
  `ordering` int(11) NOT NULL,
  PRIMARY KEY (`id`)
) ENGINE=InnoDB DEFAULT CHARSET=latin1;

INSERT INTO `social_channels` (`id`, `icon`, `name`, `url`, `ordering`) VALUES
(1,	'data:image/webp;base64,UklGRjQBAABXRUJQVlA4TCcBAAAvMUAMAE+hoG0jN3jN3e8N7xW1jeQmL7Pt+uvYHMO2bSNJdv/bH7hx5z/+/7uFhLE3j8hZhoRKVdsLkhAWajAAMiSACSnXMO/23qefpdRUxtDXElFtLQgpCwUmpIhCcg+B8DKAJARYkiSrVvK5w+XgHFwOb/a/RXQuzk9E/xm5jaTIw3iC3TcAAAAAAAAAAAAAAAAAAAAAAAAAAAAAAAAAAAAAAAAAAAAAAAAAAAAAAAAAAAAAAAAAAAAAAAAAAAAAADCcr7tuZ7PIq42O7yMiIq7T0uwmItngItIdRL7THlw+HTva67pVltsn6Sr1DNw9cf6lGNdaH594qLXWkwzTiIiXNjrrQW727Cz04DDDpLW2fTJ321pr+32cnP8Ju6WUUpY/8z8MAA==',	'Facebook',	'https://www.facebook.com',	1),
(2,	'data:image/webp;base64,UklGRhoCAABXRUJQVlA4TA0CAAAvMUAMED9jIG2bZvfv5IIZtG0jOFjn7v8JPkG2TefveoWTCUPM6dW/nSLx/96+1CaFEYIhghDBAQIECAEgOEAIhstOnLsvRggiQIAgdhEBgghih720wO61BAjBEB1ghwBhD1AAhILkoMUBRBAigHDYJUAQUAgQoQUg27Zt047Qy7aNWGWlbCO2s/7/E6J91r6P9RTRfwVu2yg95sH17g8AAAAAAICO9jYAAAAAAAAAAAAAAAAAAAAAAAAAAAAAAAAAAAAAAAAAAAAAAAAAAAAAAAAAAAAAAAAAAAAAAAAAAAAAAAAAAAAAAAAAAAAAAAAAAAAAAAAAAAAAAAAALafU6ce/x78MHsTe41nJ9nU1iNG/EhERM1fP3p88k8Wtte6iFL0bETviRsSDtPaPYm24IMThxYjd8X3/yKEkXkTExyO7hOiLiEJl/nw2u7dDqMEDO4QYKabp8+nGufUdcs09uYLXRXRWuPHtbtEWvr36U8TtfLp2/FdERERERHnkeh7PVqc2kjiRx83IlrPZke07OJnFh5oLfHkpibtVd/7i6K7UcG0OVOFS36fM5Id1vDqzmpp9qJKKwxncybC3iYzLjelNCwh/dKhhzo/9pTei4v7MFNP3Q/U9pwbGNmslCj/fVzl24d3YQsMeEzdKvekXqe/veqFn/WfnntY8dCf7Xn4dHf/3+WnPsf88PyYA',	'Twitter',	'https://www.twitter.com',	2),
(3,	'data:image/webp;base64,UklGRvACAABXRUJQVlA4TOQCAAAvMUAMAB/koG0kSYprf2DHH9SRcNC2kSAn487d/2N9CG0kSZLC2T37UTr+uG7+7/Dw+/8tlKRQkjlIAaB8vx+YARBBed435nwuYK67goC/aTuS+x5hJgGxDaPYCCUoDClAJENx3FHczyOZmQnX84DzruL9vBXbKDbFYZL7fRNkJpx3wbED4B8ojs12KNsUQ2GIbZQMKZTzrjBD5si/wxFAKY47tjl2FDCTgHLsSgQAaN22bVqPeuzPFzFP7LJt27btupy//OIk+556qreI/jNwG8lJRK/hmFt4AwAAAAAAgCMAAAAAAAAAAAAAAAAAAAAAAAAAAAAAAAAAAAAAAAAAAAAAAAAAAAAAAAAAAAAAAAAAAADAf5CjLede+fnfXq/X6/V6vV6v1+v1/v3p5bNbFhhXP0ySJEmSJEmS5IO14nHj16R0+G29cNz2SZKv7j1dVVVVVVVVVVVVVafv+zrJJ9vKuJLkqe0lPtufTnK5jLeST7beXGblheeXt36avFnGX8mdBTKvJ6+6K/mzaNyZ5HDNYfOxR1988ZHjm3kvedfhJDtK2J3k4LzCgVkjz5r/gP1fftF1MMnuxbg+qL/NwS0zkQY4Nkzy/XPPfZ9keGRxZnH4NunfuonNt/WTb7Y1QZXk6rzK1SSnmuCJ5Ku6y9fJE03wxtSu7vJk8kYTvJk8Vnd5fBqyJng2+aDu8mHyTBNcTMYn5lVOjpMLTbDrl+SPudd/9I/kl12NJOf8OBm//fDDb89ucH6atSbS+dC4ns7xQzdK54I94NLv8+Pvk/67ALN2S3Ko5rD3jpc+/uil2/fWNA4l2VnUMf+dprK0VF1L/inzeT95u5R3kvfKfO5J8kCZ0INJ7p4IFe34LslrZ9qtVqvVarVarVar1Wq1z7yW5LtdhQ/d+bu8sv7dKS7G3R9Lxx+6CxT8Pfd+Nrr5ltHn9++50WelrPjtW1paWlpaWlpaWlpaWlraNwvA/81fBw==',	'Instagram',	'https://www.instagram.com',	3),
(4,	'data:image/webp;base64,UklGRqICAABXRUJQVlA4TJYCAAAvMUAMAG/koI0kRxrXXKDx/EmmexACgaT90ZZi0LaNoLq9+4fy/BH+/KtN24BJm503Xn+JAQAQKiAGz06RglTV2UWkBltBahvYZg0QqYlVINYAbANVxABSYQoKrq6rB8BEeDihClJVxCAMYBso7l5nDyIF735rDrMdD1ANQYUpUrBNakAIKmwDKSgyxRq4ekANkXoObBMGoerv6tFBDAJUDQiAKQCSJdk2bSvvfbZt27Zt27Ztc/z0W/ti797rRfRfYdu2jYHupa60NwAAAAAAAAAAAAAAAAAAAAAAAAAAAAAAAAAAAAAAAAAAAAAAAAAAAAAAAAAAAAAAAAAAAAAAAAAAAAAAAAAAAAAAQNcezZZN2HPnw5/8eH5x8/CGYlNuJ0mSJL/OjW5iFfb+Kf39fHT34Y8C8G1tbdfjSsG7taQf+i59WCB21dWZJG8Xt6XofijJn4X13PIkL0a1C3I8ycuenXZl/m+Sz2MwZHybvgZ/SbKsjlYm2YLtP/JmahXldJJLdXQ1+diLOX+T3KyibEjyuo7eJydROQgPqijzSuVunXe9k2xlwO+iy1WWGYVhYOc1MMkqxlSO2bYqy9zC0Lvz6vY72cGoisZWWdYk+Vwn+0Vyna6fkjxpg3I4yf06OpL8mVnpKfvaoDxLcqCOxv1KrnEjyaIqyfSyMLNrnc7Vv3Nfty/tlVwvx7VrvQM96dxW08p8Jlcw1hWE9Q1czd0F70IPumz6leRe1wb07+6XI3n25PMywJuRDbg+P5JXT9vai6djm7AvM5Oc6rf/V4l9PTioEYu0M8lGRqzYtXV+/4Zs2PkkExu2qY+Td12adS3fkxMNh4OSzGpYw5IHrQ1raLKgs49JHQNwtPn351j3/6z/Ag==',	'Pinterest',	'https://www.pinterest.com',	4),
(5,	'data:image/webp;base64,UklGRpABAABXRUJQVlA4TIMBAAAvMUAMACfioG0kSY6Wu2b/3eN3DNpGchycZO57h/MM27aNJKnv3e17889//P9/gChABFCUiEg0CqLajJnq3I6OQG06hiBAEAQBiQAooA3TapptmqCAjkHwXI+ANU37MkG/7zOG2uapHToyak1Tm3PfEh3r0pGOCVhjCIAEFDQNBFiybZt2RpzcF9s8sW3v/rfq8ZzwL6L/DNw2UuRlOMY3AAAAAAAAAAAAAAAAAAAAAAAAAAAAAAAAAAAAAAAAAAAAAAAAAAAAAAAAAAAAAAAAAAAAAAAAAAAAAAAAAAAAAADYub6+vsjsLCIe86buh/zWI7vBu+xql5FX3+jefdR5qqqqqqrBzu1HRERERNSv7vb3NJHScf36XlJKKaWNLCtea1hRzjtntYCVApYLWCpgsYCFAuYLmKv3ltNsvc9aRjMNd/Jm3V70d+Uw3eD1cGpy9/x5IIfhzxYPzUCW5k0BW63kmXxaQO/RR1O5tjB+cPUUEe93J9vdOe+gobGRnn/RLwMA',	'Tumblr',	'https://www.tumblr.com',	5);

DROP TABLE IF EXISTS `users`;
CREATE TABLE `users` (
  `id` varchar(15) NOT NULL,
  `username` varchar(255) NOT NULL,
  `email` varchar(255) NOT NULL,
  `password` varchar(255) NOT NULL,
  `role` tinyint(4) NOT NULL,
  `access_level` tinyint(4) NOT NULL,
  `status` tinyint(4) NOT NULL,
  `avatar` text NOT NULL,
  `created_at` int(11) NOT NULL,
  `updated_at` int(11) NOT NULL,
  `last_logged_in` int(11) NOT NULL,
  PRIMARY KEY (`id`),
  UNIQUE KEY `username` (`username`),
  UNIQUE KEY `email` (`email`)
) ENGINE=InnoDB DEFAULT CHARSET=latin1;

INSERT INTO `users` (`id`, `username`, `email`, `password`, `role`, `access_level`, `status`, `avatar`, `created_at`, `updated_at`, `last_logged_in`) VALUES
('33f74dccc6',	'ahmadmuhamad101',	'ahmadmuhamad101@gmail.com',	'07190dd32f6a24d272b98fe8f8bf3414d8397742d767961cbfbe79771e7185aee6b274303adfe05cc608ce0a94f040dcea37ed90288ec2f915cf531137e58dd7RuCxpR0/ehcriey5cy6bQWgI0EB+D+7LrW4gDNfKl9JgQI4Gh6AgoL51m6SmGsf1D2ah7RD6yz7Oiz59HbfREMa08ZkDSVKdrd5Kb76Zr80=',	127,	127,	1,	'data:image/png;base64,iVBORw0KGgoAAAANSUhEUgAAADIAAAAyCAAAAAA7VNdtAAAACXBIWXMAAAA4AAAAOABi1B8JAAABTklEQVRIx+3Tv0vDUBDA8f6/p8FBLSQgaCtNoThEoXWoDgYEK4joIlRcRMTBH1DrIFXrL1rEKjGS5FwcFOzLu9w9R8Hv/D7Lvbvcx6/L/ZO/Q7CzVXNdb70VGxI8mYXv7GZsQt7rMFS5L5PABSX7TiK4AKmmXgTSBK0lZMnbhE6gw5I9QsAySzyKTMYMScYpAjcMCUgBpwwZ0OSYISFNzhiCeZI8chOrUcJOOHJIkVX2XyJHF9Y9v2NHOmlIm+ynRSmS7iVaVEXxWb5K3LSGNz8wOGS8Kv2I/DnK5Dp1lpU28iTesLSJ+SFHBnPUVxZ62eRpml5Lu5tFXmcgI6dHk2QeMiuEJNkGphUkyO0YR6ClE/RYAYVYI20Q2tdIVSJFTJH+iETgMkV2RAF+ilRk4iQKCUdlAg8KuTAQcKCQXRPSUMiaCakqpG5Cyl9vPwHZXW4PhaKQ+wAAAABJRU5ErkJggg==',	1552281137,	1552281137,	1552281137),
('8b73e9aea3',	'zeon_msi',	'zeon_msi@yahoo.com',	'8e18d5dbe79e3c4f256e90b6580cd22af911ffd75b0617550294904b5f2fd95623e6e8afc775c4d6e67e914788dbfdcc7eff243166f3a4106d9cf98809e1c193cCMZerzyh+Moxk17wJEv5K242CIil2FNOmbLsFXtoT6/+D0TIon6f3q06vKpBj+o/mGvYSlYRoT6diKJRlgkqsWizygB8zS/qHTzGwsQvL8=',	0,	0,	1,	'data:image/png;base64,iVBORw0KGgoAAAANSUhEUgAAADIAAAAyCAAAAAA7VNdtAAAACXBIWXMAAAA4AAAAOABi1B8JAAABTklEQVRIx+3Tv0vDUBDA8f6/p8FBLSQgaCtNoThEoXWoDgYEK4joIlRcRMTBH1DrIFXrL1rEKjGS5FwcFOzLu9w9R8Hv/D7Lvbvcx6/L/ZO/Q7CzVXNdb70VGxI8mYXv7GZsQt7rMFS5L5PABSX7TiK4AKmmXgTSBK0lZMnbhE6gw5I9QsAySzyKTMYMScYpAjcMCUgBpwwZ0OSYISFNzhiCeZI8chOrUcJOOHJIkVX2XyJHF9Y9v2NHOmlIm+ynRSmS7iVaVEXxWb5K3LSGNz8wOGS8Kv2I/DnK5Dp1lpU28iTesLSJ+SFHBnPUVxZ62eRpml5Lu5tFXmcgI6dHk2QeMiuEJNkGphUkyO0YR6ClE/RYAYVYI20Q2tdIVSJFTJH+iETgMkV2RAF+ilRk4iQKCUdlAg8KuTAQcKCQXRPSUMiaCakqpG5Cyl9vPwHZXW4PhaKQ+wAAAABJRU5ErkJggg==',	1552281102,	1552281102,	1552486138);

-- 2019-03-13 15:17:04
